male,female
James,Mary
Michael,Patricia
John,Jennifer
Robert,Linda
David,Elizabeth
William,Barbara
Richard,Susan
Joseph,Jessica
Thomas,Karen
Christopher,Sarah
Charles,Lisa
Daniel,Nancy
Matthew,Sandra
Anthony,Ashley
Mark,Emily
Steven,Kimberly
Donald,Betty
Andrew,Margaret
Joshua,Donna
Paul,Michelle
Kenneth,Carol
Kevin,Amanda
Brian,Melissa
Timothy,Deborah
Ronald,Stephanie
Jason,Rebecca
George,Sharon
Edward,Laura
Jeffrey,Cynthia
Ryan,Amy
Jacob,Kathleen
Nicholas,Angela
Gary,Dorothy
Eric,Shirley
Jonathan,Emma
Stephen,Brenda
Larry,Nicole
Justin,Pamela
Benjamin,Samantha
Scott,Anna
Brandon,Katherine
Samuel,Christine
Gregory,Debra
Alexander,Rachel
Patrick,Olivia
Frank,Carolyn
Jack,Maria
Raymond,Janet
Dennis,Heather
Tyler,Diane
Aaron,Catherine
Jerry,Julie
Jose,Victoria
Nathan,Helen
Adam,Joyce
Henry,Lauren
Zachary,Kelly
Douglas,Christina
Peter,Joan
Noah,Judith
Kyle,Ruth
Ethan,Hannah
Christian,Evelyn
Jeremy,
Keith,Virginia
Austin,Megan
Sean,Cheryl
Roger,Jacqueline
Terry,Madison
Walter,Sophia
Dylan,Abigail
Gerald,Teresa
Carl,Isabella
Jordan,Sara
Bryan,Janice
Gabriel,Martha
Jesse,Gloria
Harold,Kathryn
Lawrence,Ann
Logan,Charlotte
Arthur,Judy
Bruce,Amber
Billy,Julia
Elijah,Grace
Joe,Denise
Alan,Danielle
Juan,Natalie
Liam,Alice
Willie,Marilyn
Mason,Diana
Albert,Beverly
Randy,
Wayne,Brittany
Vincent,Theresa
Lucas,Frances
Caleb,Kayla
Luke,Alexis
Bobby,Tiffany
Isaac,Lori
Bradley,Kathy
Antonius,Lana
Simon,Gesina
Wouter,Geertje
Gerhardus,Lucia
Michiel,
Arend,Kimberley
Jamie,Lina
Bernard,Mariëlle
Levi,Nova
Erwin,Roelofje
Bas,Renate
Cornelis,Elise
Jacobus,Francisca
Roland,Kornelia
Derk,Elin
Hendrikus,Melanie
Hermannus,Lizzy
Tim,Jeannette
Thijmen,Hubertina
Reinier,Marion
Egbert,Floortje
Rens,Monica
Bernardus,Mathilda
Piet,Senna
Maikel,Silke
Wilhelmus,Gerritdina
Abraham,Janny
Roy,Veerle
Bartholomeus,Mandy
Guus,Jacoba
Bob,Antonia
Stephan,Marleen
Dick,Henrica
Job,Rianne
Hindrik,Baukje
Teun,Willy
Tygo,Gerda
Jannes,Elly
Rudolf,Martje
Godefridus,Lianne
Senna,Lena
Erik,Roos
Marcus,Antje
Laurens,Liv
Vince,Aya
Jakob,Vera
Ludovicus,Kyra
Andries,Romy
Milan,Larissa
Gerard,Karin
Keano,Tara
Jort,Grada
Julian,Hillechien
Marcel,Daisy
Hendrik,Hanneke
Otto,Nikki
Gerardus,Yvonne
Mattheus,Bo
Stan,Roxanne
Herman,Esmée
Roel,Dorothea
Arjan,Geertruda
Huibert,Belinda
Jurre,Jacomina
Mats,Olga
Leendert,Hendrica
Hendricus,Nadia
Olivier,Marit
Jochem,Sofie
Rick,Sterre
Chris,Lara
Harmen,Ester
Philippus,Louisa
Evert,Guurtje
Pieter,Ilse
Sem,Annette
Mees,Jill
Gijsbertus,Theresia
Robbert,Anje
Jan,Nora
Johannis,Myrthe
Johann,Evi
Rik,Sabrina
André,Brigitta
Christoffel,Klasina
Jordi,Lieke
Christianus,Josephina
Damian,Ramona
Barend,Helena
Frits,Kirsten
Arie,Suzanne
Niek,Jansje
Albertus,Suze
Berend,Suzanna
Mick,Madelief
Henricus,Agnes
Gerhard,Maatje
Pascal,Joke
Lambertus,Ilona
René,Linde
Emiel,Sylvia
Remco,Maartje
Laurentius,Lynn
Dylano,Anneke
Rutger,
Joris,Merel
Dean,Magdalena
Luc,Theodora
Wesley,Pien
Dave,Wilma
Youri,Marianne
Mathijs,Carla
Geert,Annigje
Kornelis,Guusje
Ronaldus,Zwaantje
Bernhard,Antoinette
Robin,Martine
Barry,Debby
Dex,Gertrudis
Sil,Lisanne
Mitchell,Hendrika
Kyan,Monique
Gradus,Chantal
Olaf,Mara
Tobias,Eva
Sebastiaan,Marjolein
Nicky,Wendy
Ruben,Clara
Antoon,Manon
Roelf,Geesje
Jozef,Joanna
Gijs,Hendrina
Edwin,Jenneke
Koen,Bernardina
Leo,Engelina
Hermanus,Jannie
Lammert,Gwen
Rudi,Jantina
Jelle,Fay
Frederik,Gertruda
Josephus,Bertha
Rob,Dirkje
Maurice,Maud
Nicolaas,Fenna
Johannes,Janneke
Wessel,Renée
Frans,Saskia
Bram,Miriam
Louis,Esmee
Gijsbert,Berendina
Jasper,Dominique
Lodewijk,Leonie
Lorenzo,Lotte
Andreas,Tjitske
Bart,Naomi
Bastiaan,Sonja
Mitchel,Kiki
Sjoerd,Britt
Marinus,Cheyenne
Remko,Anne
Maarten,Stijntje
Hubert,Josina
Johnny,Carolina
Teunis,Everdina
Mohamed,Aagje
Coenraad,Manuela
Roelof,Elisabeth
Jari,Aleida
Wout,Loïs
Niels,Trientje
Tom,Alberdina
Theodoor,Trijntje
Thijs,
Theodorus,Isabelle
Johan,Floor
Anthonie,Annemarie
Jens,Alexandra
Casper,Puck
Paulus,Kim
Roan,Esther
Luca,Bianca
Finn,Nina
Jayden,Adriana
Quinten,Renske
Wilhelm,Regina
Joost,Evy
Antonie,Isa
Jarno,Gerritje
Glenn,Susanne
Douwe,Clasina
Aart,Tamara
Stef,Pieternella
Franciscus,Gijsberta
Dion,Harmina
Ferdinand,Jeltje
Rayan,Anouk
Fredericus,Bente
Tristan,Mariska
Jesper,Josepha
Boaz,Lise
Mike,Veronica
Lars,Natascha
Jeroen,Johanna
Robertus,Jentje
Daan,Zoë
Michel,Gerdina
Hans,Sabine
Joannes,Hendrikje
Quinn,Britney
Everardus,Sandy
Martin,Kaylee
Max,Fenne
Dirk,Saar
Leonard,Annie
Nick,Josephine
Ties,Angélique
Bertus,Gezina
Jurgen,Silvia
Carolus,Nikita
Dani,Nienke
Sven,Stefanie
Adriaan,Evelien
Henderikus,Marloes
Fedde,Luna
Matthijs,Merle
Ronny,Pietertje
Giovanni,Gerardina
Mika,Janke
Marijn,Antonetta
Hubertus,Tess
Karel,Hermina
Rogier,Noortje
Cas,Maxime
Owen,Akke
Jimmy,Petra
Hugo,Susanna
Melvin,Astrid
Davey,Teuntje
Jordy,Jade
Willem,Janna
Leroy,Irma
Ricardo,Joëlle
Harm,Jolanda
Björn,Marieke
Eduard,Irene
Timo,Evertje
Twan,Gerarda
Joep,Miranda
Ralph,Wilhelmina
Tijn,Neeltje
Leon,Louise
Christiaan,Quinty
Stijn,Martina
Ruud,Mirthe
Ivo,Claudia
Harry,Jantje
Arjen,Anja
Floris,Hiltje
Theo,Petronella
,Alida
Siem,Albertje
Petrus,Willemina
Daniël,Norah
Arno,Nynke
Anton,Agatha
Martijn,
Guido,Ida
Yannick,Isis
Marc,Bernadette
Cornelius,Jasmijn
Danny,Klazina
Arnoldus,Alberta
Pepijn,Anita
Arnold,Celine
Sam,Adriaantje
Marten,Demi
Marco,Grietje
Alfred,Marije
Klaas,Fleur
Ramon,Geertruida
Mohammed,Ellen
Tycho,Margriet
Alphonsus,Marjan
Stefan,Daniëlle
Gerrit,Sanne
Anthonius,Carmen
Marcellinus,Marrigje
Reinder,Frederika
Marius,Simone
Luuk,Aartje
Pim,Pietje
Henri,Danique
Mathias,Leentje
Sander,Fiene
Adrianus,Edith
Hidde,Jannigje
Jean,Noor
Joey,Anthonia
Leonardus,Jannetje
Martinus,Heidi
Menno,Mila
Carel,Iris
Hiroshi,Lisette
Christ,Benthe
Lamin,Arendje
Ioane,Mirjam
Arben,Natasja
Temüülen,Aafke
Rustam,Paulina
Janis,Willempje
Mehmet,Marina
Georgi,Yfke
Jón,Geertrui
Abdullah,Indy
Sonam,Tessa
Junior,Mirella
Fahad,Henriëtte
Deng,Meike
Matti,Sophie
Teboho,Marie
Daler,Femke
Mahamat,Dina
Franc,Gerrigje
Haji,Francina
Sione,Aafje
Mamadou,Marijke
Sengphet,Milou
Emmanuel,Annemieke
Thanh,Beatrix
Nurlan,Désirée
László,Cornelia
Chee,Eveline
Abdou,Klaasje
Philippe,Daphne
Koffi,Feline
Kyaw,Rosalie
Arslan,Allegonda
Marcin,Liz
Leota,Yvette
Petelo,Brigitte
Marino,Vanessa
António,Dewi
Jonas,Nathalie
Franz,Angelique
Ion,Priscilla
Muhammad,Nicolette
Ivan,Willemijntje
Georgios,Henriette
Fahd,Mireille
Youliang,Inge
Hany,Catharina
Somchai,Yolanda
Yosef,Tanja
Ján,Marja
Ibrahim,Pauline
Ahmad,Mare
,Margaretha
Dragan,Cindy
Gift,Nelly
Alexandru,Henderika
Giuseppe,Hillegonda
Sergey,Yara
Mpho,Ingeborg
Min-Jun,Paula
Moussa,Nadine
Ali,Maaike
Giorgi,Loes
Petr,Fabiënne
Nooroa,Isabel
Manuel,Margje
Ahmed,Rosa
Aleksandr,Aaltje
Chi,Caroline
Armen,Ingrid
Rama,Sjoukje
Mohammad,Lieve
Stojan,Eline
Siyabonga,Jelena
Adama,Masmaat
Nurmuhammad,Ofa
Elie,
Fionn,Fatoumata
Okot,Tebogo
Maverick,Siti
Damjan,Sevinc
Matthias,Blessing
Prince,Mária
Anar,Ayele
Hussein,Fatime
Duy,Ana
Tenun,Anahit
Valentino,Éva
Habib,Gulmira
Niel,Jana
Kahanui,Wing
Demetre,Nimao
Artem,Francine
Birnir,Maryia
Gabriele,Andreea
Roberto,Mimoza
Tommy,Nittaya
Gustavs,Fatemeh
Ismail,Sharmin
Heitor,Adel
Arman,Milica
Amar,Mariama
Francisco,Valentina
Roman,Ona
Dinesh,Kenji
Elchin,Ayşe
Roko,Fatima
Manua,Mariya
Yusif,Aminath
Teiki,Elena
Kayden,Tshering
Marcelo,Shuzhen
Yoo-joon,Nour
Alessandro,Tereapii
Micah,Ahou
Dániel,Mariam
Ariki,Fatou
Chun-hung,Anh
Joao,Fatma
Birkir,Irina
Som,Nushi
Archie,Lee
Heng,Sok
Hai,Adrianna
Markel,Rose
Eddy,Hajah
Muhamad,Marija
Gaspar,Slave
Ruki,Tatiyana
Nagi,Leena
,Sunita
Wen-Hsiung,Khulan
Hari,Nino
Filip,Laksmi
Maximiliano,Ying
Igor,Faith
Sajed,Loide
Udom,Neema
Do-yeon,Ji-u
Halim,Bibi
Noud,Ljiljana
Cristhian,Mariem
Josiah,Hasmik
Joel,Lea
Ignacy,Nida
Haruto,Saliha
Oumar,Iroha
Lubanzi,Narine
Laurin,Libi
Ilgar,Asiya
Rachid,Ifora
Aliou,Nika
Samuil,Leen
Teva,Maha
Kiwa,Willow
Máté,Ye
Pol,Ayse
Domingos,Viktoriya
Khan,Vita
Ider,Halle
Jorge,Tatiana
Miron,Alessia
Tadhg,Ji-yoo
Norsaq,Yadira
Bader,Fiona
Omer Asaf,Ksenija
Prem,Amal
Aliaksandr,Alisa
Michail,Nouf
Emils,Mia Isabella
Nuka,Vasiliki
Tushig,Inaya
Modou,Trang
Leonardo,Fatemeh-Zahra
Ha-joon,Sultan
Oiva,Himari
Yuchen,Wateen
Nikolaos,Tamar
Seon-woo,Usha
Edouard,Yu
Krishna,Hoa
Aariz,Nene
Onni,Kyriaki
Aatos,Dua
Abu,Man
Ritsu,Amina
Haoran,Layla
Oskar,Hekla
Mikayel,Adela
Aibar,Linh
Sutrisno,Sumayah
Asahi,Christiana
Hung,Gala
Edoardo,Vamika
Ioan,Rowan
Bakary,Doha
Raman,Farjana
Kamal,Marya
Mohammad-Reza,Naura
Hashim,Hana
Ezra,Lenna
Andrej,Asylym
Amir-Hossein,Koharu
Uri,Boglarka
Maximilian,Hawa
Ayoub,Zuzanna
Arlo,Leonor
Eithan,Luciana
Roshan,Azora
Azuolas,Puteri
Matviy,Hosna
Da,Tui
Aksel,Pipaluk
Taha,Aminata
Lazar,Luisa
Aylam,Ha
Aleksandar,Oisha
Abubakar,Rayhane
Luis,Nayana
Sani,Cecilia
Sanjay,Shu-hua
Mario,Inci
Saqib,Yael
Francesco,Lucija
Omar,Viola
Amir,Aman
,Althea
Fadi,Malek
Turki,
Sora,Patience
Dante,Princess
Yassine,Renata
Haroun,Bintou
Kathem,Freja
Pavle,Shams
Hoang,Asma
Mukhammad,Hong
Eun-woo,Konstantina
Alexey,Rayana
Marcell,Tsumugi
Elshan,Moeata
Jose Luis,Khady
Charbel,Helma
Rafael,Baran
Shahid,Chiara
Aslan,Aruna
Muhammadziyo,Krishna
Davit,Hazel
Taim,Juliana
Aleksander,Lulwa
Nomaan,Safiya
Lesedi,Amelija
Salik,Shaimaa
Naim,Meredith
Somphon,Lile
Nikodem,Ayesha
Mustafo,Edel
Stanislaw,Hilla
Vaino,Leah
Ashok,Gunel
Luka,Dara
Dominykas,Fatema
Kemal,Alexia
Ivik,Antonella
Saku,Ayra
Ibai,Massa
Gevorg,Alina
Victor,Mersana
Raj,Dunja
Mahamed,Daba
Hovhannes,Nur
Inutsiaq,Sahra
Abdulaziz,Shi-ah
Matvey,Suha
Juan Pablo,Roghayyeh
Lal,Hanna
Dhruv,Ndeye
Tuan,Sevinj
Vugar,Aicha
Imronbek,Egshiglen
Christos,Ellie
Levente,Aroha
Aputsiaq,Santa
Jacques,Onthatile
Toivo,Reema
Slamet,Liepa
Imran,Ernawati
Franciszek,Somchit
Baldur,Misk
Benicio,Asha
Nkazimulo,Olwemihla
Konstantinos,Julija
,Klea
Karlis,Alaa
,Ni
Modibo,Millie
Duarte,Abril
Yichen,Aruuke
Dmitry,Ivy
Abdo,Tania
Noe,Tereza
Nils,Selma
Chih-hao,Mei-ling
Yuhang,Aurora
Yassin,Anieli
AbulFazl,Aylin
Matej,Farida
Erhes,Kassandra
Aleksandre,Kotoha
Abdallah,Ivana
Maksym,
Eino,Gabrielle
Rui,Cailin
Petar,Sima
Theodore,Mira
Tigran,Maja
Hayk,Awa
Ilija,Sherifa
Yehuda,Rita
Son,Mane
Manoj,Salma
Viktor,Eabha
Dimitrios,Onalerona
Ran,Masa
Riccardo,Elene
Ai,Ting
Musa,Min
Goran,Prani
Amir-Abbas,Una
Freddie,Allison
Pradeep,Kanchana
Teddi,Khadije
Hassan,Ambra
Elio,Gita
Yahya,Konul
Pan,Izabele
Danylo,Farah
Vedant,Lili
Mulyadi,Ya-ting
Wichian,Googoosh
Marko,Aikaterini
Aykhan,Hessa
Maligiaq,Athena
Minato,Phoebe
Hieu,Emilia
Tareq,Eisha
Vasilis,Katerina
Eduardo,Hussa
Sanad,Odalys
Noa,Lily
Jhan,Salome
Monte,Yuina
Hamza,Nirmala
Yousouf,Midori
Alfie,Aysha
Chun-chieh,Tomiris
Yicheng,Adele
Vache,
Huseyn,Sofija
Ahmet,Melanija
Moses,Lilja
Rawiri,Kateryna
Saman,Joana
Pierre,Sahar
Gagik,Armine
Lev,Zoe
Sheikh,Lukne
Chih-ming,Karine
Baptiste,Ashraqat
Kazi,Maddie
Bilal,Yasna
Salatiel,Defne
Fahim,Juliette
Santiago,Aoife
Elias,Aoi
Aysultan,Beya
Kai,Meriem
Marios,Sevda
Shivansh,Maysoun
Aarav,Titaua
Panagiotis,Lusine
Khamza,Eevi
Krishan,Frida
Giorgos,Malu
Jatniel,Lydia
Enzo,Mirjana
Somsak,Maia
Jon,Nelia
Jose Antonio,Alicia
Ao,Suzana
Noel,Milagros
Marks,Maryam
Moana,Lyn
Lavi,Nazanin-Zahra
Chia-hao,Serife
Asim,Heikapu
Hiaai,Merahi
Boris,Sumiati
Nathaniel,Marwa
Adomas,I-chun
Hydar,Teodora
Emile,Zlata
Jakov,Natalia
Ioannis,Lisakhanya
Pedro,Nahia
Ernesto,Medina
Ashot,Dalal
Suleyman,Sofi
Paulo,Timea
Saeed,Julieta
Lethabo,Bisera
Isaiah,Ajla
Biel,Aadhya
Oliver,Sumarni
Alikhan,Bismah
Haoyu,Ariadna
Tapuarii,Panagiota
Eymen,Catalina
Abdullo,Lian
Mahamadou,Heloisa
Beshoi,Ayaha
Aleksa,Sukanya
Abdoulaye,Ludovica
Nam,Zala
Teddy,Stefania
Nurislam,Taia
Mikolaj,Uiloq
Bruno,Shu-chen
Styrmir,Ha-yoon
Seo-jun,Soujoud
Supardi,Abby
Abdul,Asya
Sun,Birta
Alteo,Jeanne
Toma,Estere
Junaidi,Poppy
Maui,Sri Wahyuni
Miki,Aava
Kaloyan,Oliwia
Nikola,Sadie
Goktu,Tarana
Marti,Aissatou
Minik,Marcia
Mael,Margarida
Siphosethu,Malen
Nurul,Fajr
Zoran,Alysha
Amir-Ali,Aygun
Abdi,Milagrosa
Abd,Nare
Suparman,Rekha
Ron,Fernanda
Kerem,Devi
Sergei,Moana
Kumar,Maeva
Hiro,Amin-Erdene
Lau,Sofiya
Ian,Chang
Tommaso,Luse
Michalis,Indira
Lionel,Rattana
Said,Varvara
Omer,
Jakub,Francis
Leonas,Ilenia
Hudson,Mashiro
Ammar,Sita
Prasit,Gordana
Jude,Ngoc
Langelihle,Florence
Zan,Masoumeh
Alejandro,Hur
Marcos,Manaia
Raul,Lucy
Chin-lung,Isla
Samir,Seo-yoon
Andrei,Mariami
Adi,Alejandra
Valentin,Aminah
Raza,Melisa
Nik,Kamilla
Alex,Nesreen
Dejan,Paneeraq
Emiliano,Elianys
Aminadab,Helmi
,Han
Teiva,Esperanza
Sombat,Farzana
Adriel,Poema
Jovan,Raya
Mihail,Zainab
Long,Yin
Usman,Sina
Eider,Lei
Harraz,Alessandra
Mikaere,Eman
Prasoet,Ayim
Zahid,Somayyeh
Malik,Shukrona
Djamel,Bonnie
Chandra,Rahel
Wassim,Gamila
Arjun,Alba
Do-yoon,Aysel
Kabir,Ji-an
Mahdi,Angelina
Lovro,Georgia
Antoni,Yekaterina
Joaquin,Tarita
Damir,Vega
Michal,Ah-rin
Charlie,Reina
Felipe,Khadija
Rian,Watsana
Alparslan,Vusala
Hani,Emiliya
Tamatoa,Muslima
Alidar,Aleksandra
,Lin
Nikau,Dragana
Teodors,Aina
Miran,Paninnguaq
Manaaki,Camilla
Rashad,Meryem
Younes,Samira
Anand,Sunarti
Metehan,Jannatul
Dachi,Elisa
Ludvig,Ailany
Nima,Amelie
Solomon,Camila
Vicente,Djeneba
Nil,Sadia
Lio,Amira
Zimo,Briet
Rajesh,Darcie
Abdel-Rahman,June
Cheikh,Pola
Roi,Amelja
Ebrahim,Fanta
Facundo,Nan
Souleymane,Danae
Carlos,Azaria
Gael,Sondor
Jakup,Li
Ulloriaq,Iman
Samvel,Valea
Avyan,Evie
Ali-Reza,Hanan
Milos,Elsie
Karim,Yasmin
Sekou,Mio
Vuk,Darcy
Mirac,Mareva
Niko,
Tomas,Embla
Izz,Mabel
Dhan,Cristel
Carlo,Dora
Elnur,
Agustin,Kamala
Ugur,Titaina
Chien-hung,Snezana
Youssef,Lyna
Jokull,Ivanna
Nojus,Fatin
Bence,
Sombun,Alicja
Julen,Amara
Dusan,Oretha
Andrea,Leyla
Faisal,Yulia
Shaham,Joy
Olivers,Gunay
Rasmus,Aria
Macviej,Elsa
Song,Yi
Ravi,Gabija
Hussain,Ayla
Kahurangi,Shanti
Endrick,Ambre
Bandar,Nilay
Nkanyezi,Gokce
Karam,Dhia
Hisham,Hosniya
Sunday,Rin
Mahmoud,
Ren,Nasrin
Enoc,Biljana
Oscar,Amalie
Mustafa,Phuong
Luken,Mihaela
Ba,Zanokuhle
Vusal,Benedita
Malachi,Tiare
Haru,Niviaq
Felix,Rangimarie
Artur,Wilai
Vasilije,Zeinab
Umar,Karla
Koa,Lilit
Matas,Hasnaa
Hasan,Zahra
Eiri,Anastasia
Alinur,Sakeena
Vilho,Imogen
Aimar,Hoda
Murad,Berta
Mao,Giulia
Amadou,Hatice
Anil,Lia
Qillaq,Yelena
Osman,Eliska
Mina,Aline
Muhammadyusuf,Freya
Ari,Ameera
Ramesh,Sui
Aron,Sama
Di,Teura
Harris,Beatriz
Kirollos,Ah-yoon
Aiden,Zeynep
Eitan,Gianna
Emil,Thuy
Lukas,Ella
Ionut,Almudena
Amine,Ariana
Iker,Reem
Chih-chiang,Ivalu
Artyom,Ava
Lan,Fiadh
Nabeel,Zia
Davi,Yan
Mateo,Mamie
Muhammadali,Ioana
Mattia,
Nicolas,Beatrice
Abdelkader,Malak
Raphael,Aditi
Jamal,Avigail
Viraj,Yi-seo
Ariel,Melina
Tehei,Viktorie
Abubakr,Essil
Kiaan,Aviana
Yi-joon,Maddi
Evgeny,Nikol
Zalán,Nia
Inuk,Sobia
Matias,Ainara
Adrian,Kadiatou
Si-woo,Caridad
Santosh,Gamalat
Khaled,Ana Paula
Lourenco,Yuzuki
Lukass,Maya
Vukan,Soliha
Yuxuan,Ivaana
Brandur,Nurhayati
Abdela,Amaris
Rejan,Alaia
Osama,Mina
Elia,Shu-hui
Mohamad,Violeta
Ibrahima,Harper
Mohammad-Taha,Thea
Inunnguag,Aruuzat
Markas,Wei
Bogdan,Uta
,Sienna
Antonio,Atarangi
Muhammadamin,Yeva
Roberts,Shahd
Maxim,Solomiya
Thiago,Gayane
Huy,Alanoud
Dimitar,Daria
Dominik,Androula
Narek,Anhilen
Afonso,Bogdana
Dariel,Vittoria
Yaakoub,Aisha
Angelos,Shu-chuan
August,Hadicha
Feda,Sulastri
Mangal,Kiana
Dmytro,Ema
Hinata,Lilly
Zahir,Luana
Oihan,Nivi
Izei,Maite
Syed,Mei
Sunil,Huda
Muhammadjon,Imona
Rory,Cataleya
Lethokuhle,Anahera
Oleksandr,Alma
Wiremu,Emili
Mikhail,Anastasiya
Finlay,Karima
Iori,Oumou
Tunar,Emilija
Muhammed,Gabriela
Leano,Hinano
Chih-wei,Habiba
Narong,Mudina
Jules,Ioanna
Yusef,Priyanka
Teodor,Amayra
Mukhammed,Jori
Jekabs,Linnea
Benas,Yasmina
Asher,Polina
Abbas,Marta
Emir,Laia
Hossein,Amelia
Matteo,Trinidad
Olivér,Marian
Cillian,Kartini
Mak,Yuna
Selim,Livia
Marama,Vesna
Samyar,Melokuhle
Zihao,Ginevra
Areg,Shu-fen
Matei,Kaia
Reza,Lur
Manea,Coumba
Tomass,Aarya
Ram,Ling
Sebastian,Mei-hui
Khangai,Angel
Linus,Zumra
Suprianto,Assia
Ezekiel,Mia
Mehamed,Shaikha
Tymofiy,Filomena
Yuito,Imene
Oisin,Eleni
Zakaria,Vasilisa
Davud,Ela
Bautista,Isidora
Jorge Luis,Jovana
Bohdan,Mehar
Rangi,Indra
Wahyudi,Latifa
Miguel,Michele
Luiz,Elianny
Seong-Uk,Kinga
U-hyeok,Ines
Min-Jeong,Chloe
Yun-hyeok,Aino
Jeong-Hun,Delfina
Yun-A,Nguyen
,Yasmine
Jun-Mo,Zayna
Yu-Jun,Sadiya
Gi-Beom,Ajda
A-Rin,Arpi
So-Mi,Matthildur
Hyeon-Seok,Omphile
Yu-Ra,Dimitra
A-Yeon,Leandra
Ui-Chan,Romina
Hyeon-Ho,Sofia
Ye-Seul,Fozia
Yun-Jeong,Mona
Ye-Ji,Asel
Jun-ho,Vaea
Seung-Min,Emine
Tae-O,Ane
Dae-Yun,Duru
Ji-hyeok,Sakineh
Myeong-jun,Anjana
Ha-Jun,Nor
Da-Eun,Azariah
Jun-hu,Mali
Tae-u,Matilde
Jun-U,Marama
Na-ye,Anohito
Ji-Na,Siti Aminah
Na-Yeon,Araya
Gyu-Li,Kiara
Ju-wan,Mayar
Jin-Ho,Jouri
Seung-Jun,Jiya
Yo-Han,Hina
Eun-Hye,Ji-ah
Jae-Gyeong,Moea
Do-Hun,Nitsa
Gyeong-Hun,Lottie
Na-gyeong,Rania
Yun-Jun,Ayala
Ji-seop,Alise
Jae-Hyeong,Zoey
Geon-yul,Elif
No-A,Farrah
Jong-Hyeon,Ohana
Hye-Ju,Sumayya
Beom-su,Halima
Hye-Bin,Isabela
Hyeog,Aitana
Da-Ye,Pari
Ye-Ri,Li-hua
Min-Ho,Taslima
Ye-Seong,Lou
Tae-Gyun,Mateja
Chang-Min,Seoh-ah
Dong-Hwan,Hallie
Bo-Mi,Noelia
Geon-u,Nada
Yun-Chan,Laxmi
Jun-Hwan,Thao
Yu-Na,Rangi
Se-Jun,Wanphen
Chan-hyeog,Asela
Min-Ji,Eun-Sol
Hye-Yeon,Ji-heon
Dong-Jun,Hyo-Eun
Tae-Geon,A-yul
Seung-Hyeok,Seung-Jin
Eun-Chae,Yun-Jin
Dong-Uk,Jun-Ha
Ho-Seong,
So-Yeon,Yeo-won
Hyeog-jun,Da-Won
Ji-Hwan,
Byeong-Jun,Si-hyeong
Seung-U,Seung-Ri
Seo-Eun,Na-yun
Jun-Seong,Yu-seung
Seo-a,U-bin
Hyeong-U,Chae-yul
Do-geon,Eun-hu
Yu-geon,Sin-U
Jae-hyeog,Min-Yul
,Chae-hyeon
Ju-A,Ji-Yu
Hyeon-Ji,Jae-A
Dae-Hyeon,Ga-yun
,Na-Rin
Jong-u,Hyeon-Jae
Ji-Ung,Ji-Yun
Tae,Se-Eun
Chang-Hyeon,Seo-gyeong
So-Jeong,Si-a
Dong-Hun,In-Ho
Jun-Gi,In-yeong
Ye-Na,Yong
Yong-u,Si-Ha
Eun-Ju,Han-yul
Seung-Ho,A-hyeon
Seong-Chan,Do-Hyeon
Yeon-a,Do-yul
Yeong-hun,Dan-Bi
Ha-rang,Si-jun
Da-Hae,Yeon-Ho
Seung-Gyu,Da-yul
Ju-Hwan,San
Won-Jun,Hui-Yeon
Tae-Gyu,U-hyeon
Se-Hun,Yu-eun
Geon-Ho,Jae-Yul
Jae-Yong,Hyeon-Su
Jun-Hyeok,Seung-Yun
Seok-Jun,Seo-Hyeon
Sang-Hyeok,Min-Seon
Hui-Chan,Jae-Eun
Jun-Yong,Seong-Bin
Eun-Bi,Eun-Jin
Geon,Byeol-ha
Hyeon-jun,Ye-hun
Seung-Heon,Su-Ha
Jun-Pyo,Hyeong-Jin
Seong-Hwan,Da-Hyeon
Ji-Eun,A-jun
Yu-Mi,Si-Yeon
Seok-Hyeon,Seon-Jae
Do-gyun,Seo-Yeon
Se-lin,Won-u
Jong,U-min
Jun-hyeon,Na-Ra
Ju-chan,Do-Hui
Hyo-lin,Gyu-hyeon
Hye-Jeong,Ga-hyeon
Jeong-Hwan,Yeong-Jae
Jun-Sang,Ju-An
Dong-Gyu,Hyeon-seong
So-Min,Seo-hu
Ga-hui,Se-In
Sang-Uk,Jin-Seong
Seong-Eun,Seo-Jeong
Won-Seok,Ga-Won
Li-a,Su-Hwan
Min-Jae,Yu-Jin
Jae-Heon,Li-Ha
Ye-Jin,Chae-Won
Seok-Min,Sang
Yong-Jun,Hye-Yun
Yeong-Ung,Dong-Ha
I-Chan,Hui-Yun
Min-Hyeok,Ha-seon
U-seok,Do-i
U-jun,Seung
Han-Jun,Seung-Ha
A-jeong,Min-Su
Eun-hyeok,Hye-Seong
Dong-Won,Hye-Won
Jae-Ug,Ye-in
,Ho
Jin-Uk,Ga-In
Hye-Lim,Ye-Bin
,Na-Hyeon
Da-Mi,A-Reum
Min-Seop,Jae-Hyeon
Sang-Hun,Yeong-gwang
,So-yul
Jae-Ho,Gang-hyeon
Jun-Seok,Seung-Won
Chae-a,Se-Min
Seon-a,Mi-Reu
Seong-Ho,Eun-Jun
Ju-Han,Jeong-hu
Seung-Beom,Si-Ho
So-hyeon,Han-bi
Yun-Ji,Hyeon-bin
La-eun,Hyo-Min
Yun-Seok,Jae-Yeong
Dong-Hyeok,In-A
,Su-Bin
Min-Gyu,Jeong-Uk
Hyeon-A,Jin-A
Ui-jun,Se-hui
Jong-Hyeok,Yu-Ri
Gwan-u,Tae-yeong
Jae-Beom,So-yu
Tae-Uk,Do-Jin
Seon-Jun,Ji-Yeong
Tae-Heon,Sang-Won
Hae-Rin,Li-won
Hyeon-tae,Hui-seo
Chae-Eun,Ha-Ra
Eun-A,Lu-a
Min-Seok,Sang-Jin
Tae-Yun,Si-Wan
,
Jeong-Ho,Ha-Yun
Yeon-Ji,Chan-Hui
Ye-Rin,Yeon-Jin
Tae-Jun,
Da-Yeon,Ha-Jeong
Li-Na,Eun-seol
Tae-Wan,A-Jin
Jun-Su,Hae-In
Seong-Jin,Min-hu
Hye-li,Yu-Jeong
Gang-Jun,Gyeong-Eun
Ga-Eun,Jae-Ha
Ye-Eun,Yeon-Jae
Yu-Chan,Na-won
Yun-geon,Yeon-Ju
Hyeong-Jun,Seung-Eun
Jae-Seong,Min-Je
U-Chan,Ye-yeong
A-yeong,Sa-Rang
Chae-yeon,Sang-Jun
Dong-Ho,Ye-geon
Seung-hu,Su-Gyeong
I-Na,Da-yun
Dong-Hyeon,Dam-hui
Hyeon-u,Yu-Hwan
Ji-A,Hae-Yun
Tae-Ung,Jae
Su-Chan,La-hyeon
Chae-Hun,Jun-hwi
Jun-o,Tae-Hyeon
Yo-Sep,Hyo-Jeong
Jin-Hyeok,Seon-Min
Do-Heon,Bo-Yeong
Seong-u,Seo-Bin
Jeong-Hyeok,Jong-Yun
Dong-U,Yul-a
Ji-Ye,Seo-ha
Jun-Ho,Eun-Bin
Seung-A,Chan-bin
Geon-hu,Hyo-In
Tae-Hwan,Seon-U
Dan-A,Yun-Hui
Chae-Rin,Jae-Bin
Eun-Jeong,Seong-Min
Chan-Ho,Yeo-Eun
Jong-Won,Yun-seul
Yong-Hyeon,Do-Won
Han-Na,Da-In
So-Yun,Min-Seung
Min-Chan,Yeon-u
Dae-Han,Ga-yul
Min-A,
Gang-u,Tae-Min
Su-hyeok,Yu-Ju
Jun-Hyeong,Do-Eun
Seong-Jun,Min-gyeong
Seul-A,Eun-Ho
Su-Jin,Dong-Min
Ji-Hun,Min-Seong
Beom-Jin,Geon-yeong
Yeong-Chan,Yeong-Eun
So-Eun,Hyo-bin
Yun-Ho,Han-Gyeol
Seong-Yeon,I-deun
Na-hui,Bich-na
Gyeong-jun,Si-Yun
Demyan,Su-Yeon
Daniil,Chan-Seo
Pavlovich,Yeon-Seo
Anatolyevich,Geon-Hui
Gleb,Seung-su
Zakhar,Si-An
Kirill,Seo-Yun
Stepan,Seo-Yeong
Vasily,Ye-ju
Timur,Yu-Sin
Yegor,Ji-On
Yuriy,Gyu-lim
Vyacheslav,Do-a
Viacheslav,Ha-Nui
Mikhailovich,Min-U
Dmitri,Do-Un
Yuryevich,Seul
Anatoliy,Yeon-hu
Semyonovich,Hyeon-Ju
Petrovich,Jin-Hui
Yuri,Jun-Yeong
Ilyich,Ye-ram
Konstantin,Chan-Min
Yakov,Su-A
Nikolai,Gyu-Min
Ruslan,Yeong-bin
Anatoly,Lu-li
Svyatoslav,Eun-Yeong
Aleksey,Geon-ha
Arkady,Yun-Ju
Denis,Na-Rae
Ilya,Jin-Su
Andrey,Ji-In
Konstantinovich,Chae-Un
Vsevolod,
Matvei,Geun-u
Valerievich,Ji-Han
Kirillovich,Hwan
Platon,Gi-ppeum
Denisovich,Jun-Min
Oleg,Jong-Min
Timofey,I-sak
Fedor,Yu-gyeom
Fyodorovich,Min-Gi
Vladimirovich,Jeong-U
,Chan-yul
Stanislav,Tae-gyeong
Romanovich,Hyo-lim
Gennadiy,Ji-Hyeong
Alekseyevich,Jun-Won
Leonidovich,Yun-Je
Yakovlevich,Bo-Seong
Valery,Cho-a
Dmitrievich,
Pavel,Je-In
Sergeevich,
Vadim,Yun-Seong
Borislav,Hye-In
Gennady,Min-Ha
Nikolay,Seo-Rin
Innokenty,Si-Eun
Vitaliy,
Arseniy,Yun-Seo
Yevgeny,Ha-eum
Grigoriy,Seon-Ho
Georgy,So-Won
Viktorovich,Si-Won
Alexandr,Tae-Won
Savely,Chan-Yu
Vasilyevich,I-Jun
Fyodor,Tae-bin
Semyon,Min-Seo
Rodion,Se-Yeon
Nikolaj,Ha-el
Daniyil,Hae-Jun
Ivanovich,Yun-hu
Dmitriy,Da-Sol
Aleksandrovich,Ji-Seung
Maxsim,Ji-Hu
Vasiliy,Seung-yu
Gennadyevich,Eun-chan
Valeriy,Min-Ju
Fedorovich,Ju-Hui
Makar,Bom
Borisovich,Ju-ha
Grigory,Yu-Ha
Yaroslav,Yeo-Jin
Nikolaevich,Do-ha
Alexei,I-Jin
Danila,Seong-Hyeon
Vladimir,Tae-Yeon
Leonid,La-yul
Vladislav,Ha-rin
Andreyevich,Seong-Won
Miroslav,Eun-yu
,Hun
,Chae-i
,Ha-Eun
,Yun-Ha
,Ji-Hyeon
,Do-bin
,Da-Bin
,Do-Hyeong
,
,Ha-seong
,Seo-Ho
,Ji-Yong
,Gyeom
,Hyo-Jae
,Yu-I
,Yun-seol
,Ji-Seon
,In-Seong
,Yun-chae
,Bo-gyeom
,Tae-Hyeong
,Ha-Yeong
,Gang
,Yun-su
,Dong-Ju
,Ha-ri
,Jae-Min
,Geon-min
,Jin-Won
,Sang-Yun
,Si-U
,Ga-Eul
,Eun-Byeol
,Eun-Ha
,Hyo-Jun
,Se-lyeong
,Yeong-jin
,Song-Yeon
,Hae-Won
,Chae-ha
,Min-Chae
,Yeon-Jun
,Yeong-hyeon
,La-yun
,Ju-Ho
,Ho-Yeong
,Ye-yun
,Je-Min
,Ho-Yun
,Si-heon
,Tae-Hui
,Hyeon
,Yun-u
,Chan-Yeong
,Yun-Jae
,Jae-Yun
,U-yeong
,Min-Yeong
,Hui-Jin
,So-Dam
,Da-jeong
,Hyeon-Min
,I-Han
,Han-Ul
,Ji-Hong
,Hui-Jeong
,A-ri
,Su-rin
,Yeon-hui
,Yeong-U
,Seon-Yeong
,La-El
,Sang-Min
,Ju-Seong
,Chae-Yeong
,Freestar
,I-sol
,Min-Jin
,Seung-Yeon
,Seo-i
,Ju-Yeon
,Ji-Uk
,Bo-Yun
,Byeol
,Gyeong-Min
,A-Min
,Seo-hui
,Yeo-jun
,Ji-Wan
,Ga-bin
,Sae-Bom
,Dong-Yun
,Yeo-Ul
,Ye-Chan
,Ha-Yeon
,Chae-bin
,Ju-Heon
,Yun-sol
,Gang-min
,Eun-Seok
,Yu-Gyeong
,Hui-Jun
,Yun-yeong
,Chae-yun
,Su-Min
,Ga-Min
,Hyeon-Jeong
,Ju-Eun
,Ye-on
,Ji-Hui
,Min-Hyeong
,Min-Sol
,Hye-Jin
,Tae-Yang
,Ye-jun
,Si-hu
,Jin-U
,Gyu-lin
,Se-ha
,Dan-u
,Ho-Jin
,Eun
,Jin-Ju
,Won-Jae
,Tae-Eun
,Seung-Hui
,Hyeong-ju
,Eun-Seo
,Seol
,Gyu-Jin
,Dong-Hwi
,A-yun
,Seung-Hyeon
,Eun-Gyu
,Do-Yun
,Ye-Rang
,Jeong-Eun
,Dong-Yeon
,Seo-yul
,Yu-Seong
,Tae-yul
,Hui-Seong
,Ji-Un
,In-u
,Su-In
,Yu-Rim
,Hyo-Ju
,Seung-Jae
,Yeong-Min
,Hye-Min
,Ju-Hyeong
,Ji-Hyo
,Da-gyeong
,A-Ran
,U-Jae
,Min-gyeol
,Ye-seo
,Bo-Min
,
,Hae-Seong
,Yelizaveta
,Ksenia
,Zinaida
,Svetlana
,Milana
,Sabina
,Adelina
,Evelina
,Raisa
,Arina
,Veronika
,Milena
,Viktoria
,Ulyana
,Lyudmila
,Nadezhda
,Zoya
,Anzhelina
,Yuliya
,Albina
,Kristina
,Inga
,Ekaterina
,Liliya
,Alevtina
,Anzhelika
,Olesya
,Darya
,Nataliya
,Liya
,Aleksandrovna
,Klavdiya
,Valeriya
,Kira
,Klavdia
,Oksana
,Dmitrievna
,Dominika
,Zhanna
,Pelageya
,Lyubov
,Larisa
,Miroslava
,Lyudmilla
,Anzhela
,Vladislava
,Rimma
,Elvira
,Snezhana
,Karina
,Praskovya
,Galina
,Inessa
,Margarita
,Natalya
,Matveyevna
,Sergeyevna
,Evgeniya
,Alyona
,Kseniya
,Mayya
,Alya
,Stella
,Serafima
,Vladimirovna
,Ivanovna
,Yana
,Antonina
,Petrovna
,Taisia
,Elizaveta
,Alla
,Alena
,Ludmila
,Agrippina
